id,description,source_ref,source_type,expected_groups,expected_heading,engine_groups,check,features_json
S01,Говяжья туша свежая,Пояснения к 0201,explanatory,02,0201,02,OK,"{""is_food_purpose"": true, ""is_edible"": true, ""is_animal_origin"": true, ""is_medical_purpose"": false, ""is_intravenous_nutrition"": false, ""is_enzyme_preparation"": false, ""has_proteolytic_enzymes"": false, ""is_dairy_egg_honey"": false, ""is_2101_2105_product"": false, ""is_listed_in_0410"": false, ""is_listed_in_2106"": false, ""named_elsewhere_other"": false, ""is_meat"": true, ""processing_state"": ""fresh"", ""meat_share_pct"": 100}"
S02,Замороженная свинина,Пояснения к 0203,explanatory,02,0203,02,OK,"{""is_food_purpose"": true, ""is_edible"": true, ""is_animal_origin"": true, ""is_medical_purpose"": false, ""is_intravenous_nutrition"": false, ""is_enzyme_preparation"": false, ""has_proteolytic_enzymes"": false, ""is_dairy_egg_honey"": false, ""is_2101_2105_product"": false, ""is_listed_in_0410"": false, ""is_listed_in_2106"": false, ""named_elsewhere_other"": false, ""is_meat"": true, ""processing_state"": ""frozen"", ""meat_share_pct"": 100}"
S03,Замороженное мясо кролика,Пояснения к 0208,explanatory,02,0208,02,OK,"{""is_food_purpose"": true, ""is_edible"": true, ""is_animal_origin"": true, ""is_medical_purpose"": false, ""is_intravenous_nutrition"": false, ""is_enzyme_preparation"": false, ""has_proteolytic_enzymes"": false, ""is_dairy_egg_honey"": false, ""is_2101_2105_product"": false, ""is_listed_in_0410"": false, ""is_listed_in_2106"": false, ""named_elsewhere_other"": false, ""is_meat"": true, ""processing_state"": ""frozen"", ""meat_share_pct"": 100}"
S04,Копчёная грудинка (бекон),Пояснения к 0210,explanatory,02,0210,02,OK,"{""is_food_purpose"": true, ""is_edible"": true, ""is_animal_origin"": true, ""is_medical_purpose"": false, ""is_intravenous_nutrition"": false, ""is_enzyme_preparation"": false, ""has_proteolytic_enzymes"": false, ""is_dairy_egg_honey"": false, ""is_2101_2105_product"": false, ""is_listed_in_0410"": false, ""is_listed_in_2106"": false, ""named_elsewhere_other"": false, ""is_meat"": true, ""processing_state"": ""smoked"", ""meat_share_pct"": 100}"
S05,Замороженные говяжьи языки,Пояснения к 0206,explanatory,02,0206,02,OK,"{""is_food_purpose"": true, ""is_edible"": true, ""is_animal_origin"": true, ""is_medical_purpose"": false, ""is_intravenous_nutrition"": false, ""is_enzyme_preparation"": false, ""has_proteolytic_enzymes"": false, ""is_dairy_egg_honey"": false, ""is_2101_2105_product"": false, ""is_listed_in_0410"": false, ""is_listed_in_2106"": false, ""named_elsewhere_other"": false, ""is_meat"": true, ""processing_state"": ""frozen"", ""meat_share_pct"": 100}"
S06,"Свежее мясо, обработанное папаином",Общие положения к гр. 02,explanatory,02,0201-0210,02,OK,"{""is_food_purpose"": true, ""is_edible"": true, ""is_animal_origin"": true, ""is_medical_purpose"": false, ""is_intravenous_nutrition"": false, ""is_enzyme_preparation"": false, ""has_proteolytic_enzymes"": true, ""is_dairy_egg_honey"": false, ""is_2101_2105_product"": false, ""is_listed_in_0410"": false, ""is_listed_in_2106"": false, ""named_elsewhere_other"": false, ""is_meat"": true, ""processing_state"": ""fresh"", ""meat_share_pct"": 100}"
S07,Сырой фарш без других ингредиентов,"Пояснения к 1601, искл. (б)",explanatory,02,0201-0210,02,OK,"{""is_food_purpose"": true, ""is_edible"": true, ""is_animal_origin"": true, ""is_medical_purpose"": false, ""is_intravenous_nutrition"": false, ""is_enzyme_preparation"": false, ""has_proteolytic_enzymes"": false, ""is_dairy_egg_honey"": false, ""is_2101_2105_product"": false, ""is_listed_in_0410"": false, ""is_listed_in_2106"": false, ""named_elsewhere_other"": false, ""is_meat"": true, ""processing_state"": ""chilled"", ""meat_share_pct"": 100}"
S08,"Мясо, отваренное или жареное",Пояснения к 1602 (1),explanatory,16,1602,16,OK,"{""is_food_purpose"": true, ""is_edible"": true, ""is_animal_origin"": true, ""is_medical_purpose"": false, ""is_intravenous_nutrition"": false, ""is_enzyme_preparation"": false, ""has_proteolytic_enzymes"": false, ""is_dairy_egg_honey"": false, ""is_2101_2105_product"": false, ""is_listed_in_0410"": false, ""is_listed_in_2106"": false, ""named_elsewhere_other"": false, ""is_meat"": true, ""processing_state"": ""cooked"", ""meat_share_pct"": 100}"
S09,Колбаса салями,Пояснения к 1601 (1),explanatory,16,1601,16,OK,"{""is_food_purpose"": true, ""is_edible"": true, ""is_animal_origin"": true, ""is_medical_purpose"": false, ""is_intravenous_nutrition"": false, ""is_enzyme_preparation"": false, ""has_proteolytic_enzymes"": false, ""is_dairy_egg_honey"": false, ""is_2101_2105_product"": false, ""is_listed_in_0410"": false, ""is_listed_in_2106"": false, ""named_elsewhere_other"": false, ""is_meat"": true, ""processing_state"": ""other_prepared"", ""meat_share_pct"": 100}"
S10,Мясо в панировке,Пояснения к 1602 (3),explanatory,16,1602,16,OK,"{""is_food_purpose"": true, ""is_edible"": true, ""is_animal_origin"": true, ""is_medical_purpose"": false, ""is_intravenous_nutrition"": false, ""is_enzyme_preparation"": false, ""has_proteolytic_enzymes"": false, ""is_dairy_egg_honey"": false, ""is_2101_2105_product"": false, ""is_listed_in_0410"": false, ""is_listed_in_2106"": false, ""named_elsewhere_other"": false, ""is_meat"": true, ""processing_state"": ""other_prepared"", ""meat_share_pct"": 100}"
S11,"Готовое блюдо, 30% мяса",Пояснения к 1602 (5),explanatory,16,1602,16,OK,"{""is_food_purpose"": true, ""is_edible"": true, ""is_animal_origin"": false, ""is_medical_purpose"": false, ""is_intravenous_nutrition"": false, ""is_enzyme_preparation"": false, ""has_proteolytic_enzymes"": false, ""is_dairy_egg_honey"": false, ""is_2101_2105_product"": false, ""is_listed_in_0410"": false, ""is_listed_in_2106"": false, ""named_elsewhere_other"": false, ""is_meat"": true, ""processing_state"": ""cooked"", ""meat_share_pct"": 30}"
S12,Мясной экстракт,Пояснения к 1603,explanatory,16,1603,16,OK,"{""is_food_purpose"": true, ""is_edible"": true, ""is_animal_origin"": true, ""is_medical_purpose"": false, ""is_intravenous_nutrition"": false, ""is_enzyme_preparation"": false, ""has_proteolytic_enzymes"": false, ""is_dairy_egg_honey"": false, ""is_2101_2105_product"": false, ""is_listed_in_0410"": false, ""is_listed_in_2106"": false, ""named_elsewhere_other"": false, ""is_meat"": true, ""processing_state"": ""other_prepared"", ""meat_share_pct"": 100}"
S13,Гомогенизированное детское пюре из мяса,Прим. к субпозициям 1 к гр. 16,explanatory,16,1602 10,16,OK,"{""is_food_purpose"": true, ""is_edible"": true, ""is_animal_origin"": true, ""is_medical_purpose"": false, ""is_intravenous_nutrition"": false, ""is_enzyme_preparation"": false, ""has_proteolytic_enzymes"": false, ""is_dairy_egg_honey"": false, ""is_2101_2105_product"": false, ""is_listed_in_0410"": false, ""is_listed_in_2106"": false, ""named_elsewhere_other"": false, ""is_meat"": true, ""processing_state"": ""other_prepared"", ""meat_share_pct"": 100}"
S14,"Гомогенизированное детское пюре мясо+овощи, до 250 г",Прим. 3 к гр. 21,explanatory,21,2104 20,21,OK,"{""is_food_purpose"": true, ""is_edible"": true, ""is_animal_origin"": false, ""is_medical_purpose"": false, ""is_intravenous_nutrition"": false, ""is_enzyme_preparation"": false, ""has_proteolytic_enzymes"": false, ""is_dairy_egg_honey"": false, ""is_2101_2105_product"": true, ""is_listed_in_0410"": false, ""is_listed_in_2106"": false, ""named_elsewhere_other"": false, ""is_meat"": true, ""processing_state"": ""other_prepared"", ""meat_share_pct"": 40}"
S15,Готовый суп с мясом,Пояснения к 2104,explanatory,21,2104 10,21,OK,"{""is_food_purpose"": true, ""is_edible"": true, ""is_animal_origin"": false, ""is_medical_purpose"": false, ""is_intravenous_nutrition"": false, ""is_enzyme_preparation"": false, ""has_proteolytic_enzymes"": false, ""is_dairy_egg_honey"": false, ""is_2101_2105_product"": true, ""is_listed_in_0410"": false, ""is_listed_in_2106"": false, ""named_elsewhere_other"": false, ""is_meat"": true, ""processing_state"": ""cooked"", ""meat_share_pct"": 25}"
S16,Соевый соус,Пояснения к 2103,explanatory,21,2103 10,21,OK,"{""is_food_purpose"": true, ""is_edible"": true, ""is_animal_origin"": false, ""is_medical_purpose"": false, ""is_intravenous_nutrition"": false, ""is_enzyme_preparation"": false, ""has_proteolytic_enzymes"": false, ""is_dairy_egg_honey"": false, ""is_2101_2105_product"": true, ""is_listed_in_0410"": false, ""is_listed_in_2106"": false, ""named_elsewhere_other"": false, ""is_meat"": false, ""processing_state"": ""other_prepared"", ""meat_share_pct"": 0}"
S17,Томатный кетчуп,Пояснения к 2103,explanatory,21,2103 20,21,OK,"{""is_food_purpose"": true, ""is_edible"": true, ""is_animal_origin"": false, ""is_medical_purpose"": false, ""is_intravenous_nutrition"": false, ""is_enzyme_preparation"": false, ""has_proteolytic_enzymes"": false, ""is_dairy_egg_honey"": false, ""is_2101_2105_product"": true, ""is_listed_in_0410"": false, ""is_listed_in_2106"": false, ""named_elsewhere_other"": false, ""is_meat"": false, ""processing_state"": ""other_prepared"", ""meat_share_pct"": 0}"
S18,Растворимый кофе,Пояснения к 2101,explanatory,21,2101,21,OK,"{""is_food_purpose"": true, ""is_edible"": true, ""is_animal_origin"": false, ""is_medical_purpose"": false, ""is_intravenous_nutrition"": false, ""is_enzyme_preparation"": false, ""has_proteolytic_enzymes"": false, ""is_dairy_egg_honey"": false, ""is_2101_2105_product"": true, ""is_listed_in_0410"": false, ""is_listed_in_2106"": false, ""named_elsewhere_other"": false, ""is_meat"": false, ""processing_state"": ""other_prepared"", ""meat_share_pct"": 0}"
S19,Пекарные дрожжи,Пояснения к 2102,explanatory,21,2102,21,OK,"{""is_food_purpose"": true, ""is_edible"": true, ""is_animal_origin"": false, ""is_medical_purpose"": false, ""is_intravenous_nutrition"": false, ""is_enzyme_preparation"": false, ""has_proteolytic_enzymes"": false, ""is_dairy_egg_honey"": false, ""is_2101_2105_product"": true, ""is_listed_in_0410"": false, ""is_listed_in_2106"": false, ""named_elsewhere_other"": false, ""is_meat"": false, ""processing_state"": ""other_prepared"", ""meat_share_pct"": 0}"
S20,Неживые одноклеточные микроорганизмы (биомасса),Пояснения к 2102 (Б),explanatory,21,2102 20,21,OK,"{""is_food_purpose"": true, ""is_edible"": true, ""is_animal_origin"": false, ""is_medical_purpose"": false, ""is_intravenous_nutrition"": false, ""is_enzyme_preparation"": false, ""has_proteolytic_enzymes"": false, ""is_dairy_egg_honey"": false, ""is_2101_2105_product"": true, ""is_listed_in_0410"": false, ""is_listed_in_2106"": false, ""named_elsewhere_other"": false, ""is_meat"": false, ""processing_state"": ""other_prepared"", ""meat_share_pct"": 0}"
S21,Мороженое на молочной основе,Пояснения к 2105,explanatory,21,2105,21,OK,"{""is_food_purpose"": true, ""is_edible"": true, ""is_animal_origin"": true, ""is_medical_purpose"": false, ""is_intravenous_nutrition"": false, ""is_enzyme_preparation"": false, ""has_proteolytic_enzymes"": false, ""is_dairy_egg_honey"": false, ""is_2101_2105_product"": true, ""is_listed_in_0410"": false, ""is_listed_in_2106"": false, ""named_elsewhere_other"": false, ""is_meat"": false, ""processing_state"": ""other_prepared"", ""meat_share_pct"": 0}"
S22,Текстурированный соевый белок,Пояснения к 2106 (6),explanatory,21,2106 10,21,OK,"{""is_food_purpose"": true, ""is_edible"": true, ""is_animal_origin"": false, ""is_medical_purpose"": false, ""is_intravenous_nutrition"": false, ""is_enzyme_preparation"": false, ""has_proteolytic_enzymes"": false, ""is_dairy_egg_honey"": false, ""is_2101_2105_product"": false, ""is_listed_in_0410"": false, ""is_listed_in_2106"": false, ""named_elsewhere_other"": false, ""is_meat"": false, ""processing_state"": ""other_prepared"", ""meat_share_pct"": 0}"
S23,Автолизированные дрожжи,Пояснения к 2106 (11),explanatory,21,2106,21,OK,"{""is_food_purpose"": true, ""is_edible"": true, ""is_animal_origin"": false, ""is_medical_purpose"": false, ""is_intravenous_nutrition"": false, ""is_enzyme_preparation"": false, ""has_proteolytic_enzymes"": false, ""is_dairy_egg_honey"": false, ""is_2101_2105_product"": false, ""is_listed_in_0410"": false, ""is_listed_in_2106"": false, ""named_elsewhere_other"": false, ""is_meat"": false, ""processing_state"": ""other_prepared"", ""meat_share_pct"": 0}"
S24,Витаминная пищевая добавка без заявлений о лечении,"Пояснения к 2106 (16), 3003",explanatory,21,2106,21,OK,"{""is_food_purpose"": true, ""is_edible"": true, ""is_animal_origin"": false, ""is_medical_purpose"": false, ""is_intravenous_nutrition"": false, ""is_enzyme_preparation"": false, ""has_proteolytic_enzymes"": false, ""is_dairy_egg_honey"": false, ""is_2101_2105_product"": false, ""is_listed_in_0410"": false, ""is_listed_in_2106"": false, ""named_elsewhere_other"": false, ""is_meat"": false, ""processing_state"": ""other_prepared"", ""meat_share_pct"": 0}"
S25,Травяной чай/настой без лечебной дозы,Пояснения к 2106 (14),explanatory,21,2106,21,OK,"{""is_food_purpose"": true, ""is_edible"": true, ""is_animal_origin"": false, ""is_medical_purpose"": false, ""is_intravenous_nutrition"": false, ""is_enzyme_preparation"": false, ""has_proteolytic_enzymes"": false, ""is_dairy_egg_honey"": false, ""is_2101_2105_product"": false, ""is_listed_in_0410"": false, ""is_listed_in_2106"": false, ""named_elsewhere_other"": false, ""is_meat"": false, ""processing_state"": ""other_prepared"", ""meat_share_pct"": 0}"
S26,Яичный продукт с пряностями,"Пояснения к 0408, искл. (б)",explanatory,21,2106,21,OK,"{""is_food_purpose"": true, ""is_edible"": true, ""is_animal_origin"": true, ""is_medical_purpose"": false, ""is_intravenous_nutrition"": false, ""is_enzyme_preparation"": false, ""has_proteolytic_enzymes"": false, ""is_dairy_egg_honey"": false, ""is_2101_2105_product"": false, ""is_listed_in_0410"": false, ""is_listed_in_2106"": true, ""named_elsewhere_other"": false, ""is_meat"": false, ""processing_state"": ""other_prepared"", ""meat_share_pct"": 0}"
S27,Вакцина для людей,Пояснения к 3002 (Г),explanatory,30,3002 20,30,OK,"{""is_food_purpose"": false, ""is_edible"": false, ""is_animal_origin"": false, ""is_medical_purpose"": true, ""is_intravenous_nutrition"": false, ""is_enzyme_preparation"": false, ""has_proteolytic_enzymes"": false, ""is_dairy_egg_honey"": false, ""is_2101_2105_product"": false, ""is_listed_in_0410"": false, ""is_listed_in_2106"": false, ""named_elsewhere_other"": false, ""is_meat"": false, ""processing_state"": ""other_prepared"", ""meat_share_pct"": 0}"
S28,Иммунная сыворотка,Пояснения к 3002 (В),explanatory,30,3002 12,30,OK,"{""is_food_purpose"": false, ""is_edible"": false, ""is_animal_origin"": false, ""is_medical_purpose"": true, ""is_intravenous_nutrition"": false, ""is_enzyme_preparation"": false, ""has_proteolytic_enzymes"": false, ""is_dairy_egg_honey"": false, ""is_2101_2105_product"": false, ""is_listed_in_0410"": false, ""is_listed_in_2106"": false, ""named_elsewhere_other"": false, ""is_meat"": false, ""processing_state"": ""other_prepared"", ""meat_share_pct"": 0}"
S29,Моноклональные антитела,Пояснения к 3002 (В)(2),explanatory,30,3002 13-15,30,OK,"{""is_food_purpose"": false, ""is_edible"": false, ""is_animal_origin"": false, ""is_medical_purpose"": true, ""is_intravenous_nutrition"": false, ""is_enzyme_preparation"": false, ""has_proteolytic_enzymes"": false, ""is_dairy_egg_honey"": false, ""is_2101_2105_product"": false, ""is_listed_in_0410"": false, ""is_listed_in_2106"": false, ""named_elsewhere_other"": false, ""is_meat"": false, ""processing_state"": ""other_prepared"", ""meat_share_pct"": 0}"
S30,"Таблетки, расфасованные в дозах",Пояснения к 3004,explanatory,30,3004,30,OK,"{""is_food_purpose"": false, ""is_edible"": false, ""is_animal_origin"": false, ""is_medical_purpose"": true, ""is_intravenous_nutrition"": false, ""is_enzyme_preparation"": false, ""has_proteolytic_enzymes"": false, ""is_dairy_egg_honey"": false, ""is_2101_2105_product"": false, ""is_listed_in_0410"": false, ""is_listed_in_2106"": false, ""named_elsewhere_other"": false, ""is_meat"": false, ""processing_state"": ""other_prepared"", ""meat_share_pct"": 0}"
S31,Реагенты для определения группы крови,Пояснения к 3006 (5),explanatory,30,3006 20,30,OK,"{""is_food_purpose"": false, ""is_edible"": false, ""is_animal_origin"": false, ""is_medical_purpose"": true, ""is_intravenous_nutrition"": false, ""is_enzyme_preparation"": false, ""has_proteolytic_enzymes"": false, ""is_dairy_egg_honey"": false, ""is_2101_2105_product"": false, ""is_listed_in_0410"": false, ""is_listed_in_2106"": false, ""named_elsewhere_other"": false, ""is_meat"": false, ""processing_state"": ""other_prepared"", ""meat_share_pct"": 0}"
S32,Молоко,Пояснения к 0401,explanatory,04,0401,04,OK,"{""is_food_purpose"": true, ""is_edible"": true, ""is_animal_origin"": true, ""is_medical_purpose"": false, ""is_intravenous_nutrition"": false, ""is_enzyme_preparation"": false, ""has_proteolytic_enzymes"": false, ""is_dairy_egg_honey"": true, ""is_2101_2105_product"": false, ""is_listed_in_0410"": false, ""is_listed_in_2106"": false, ""named_elsewhere_other"": false, ""is_meat"": false, ""processing_state"": ""other_prepared"", ""meat_share_pct"": 0}"
S33,Йогурт,Пояснения к 0403,explanatory,04,0403 10,04,OK,"{""is_food_purpose"": true, ""is_edible"": true, ""is_animal_origin"": true, ""is_medical_purpose"": false, ""is_intravenous_nutrition"": false, ""is_enzyme_preparation"": false, ""has_proteolytic_enzymes"": false, ""is_dairy_egg_honey"": true, ""is_2101_2105_product"": false, ""is_listed_in_0410"": false, ""is_listed_in_2106"": false, ""named_elsewhere_other"": false, ""is_meat"": false, ""processing_state"": ""other_prepared"", ""meat_share_pct"": 0}"
S34,Сливочное масло,Пояснения к 0405,explanatory,04,0405 10,04,OK,"{""is_food_purpose"": true, ""is_edible"": true, ""is_animal_origin"": true, ""is_medical_purpose"": false, ""is_intravenous_nutrition"": false, ""is_enzyme_preparation"": false, ""has_proteolytic_enzymes"": false, ""is_dairy_egg_honey"": true, ""is_2101_2105_product"": false, ""is_listed_in_0410"": false, ""is_listed_in_2106"": false, ""named_elsewhere_other"": false, ""is_meat"": false, ""processing_state"": ""other_prepared"", ""meat_share_pct"": 0}"
S35,Сыр,Пояснения к 0406,explanatory,04,0406,04,OK,"{""is_food_purpose"": true, ""is_edible"": true, ""is_animal_origin"": true, ""is_medical_purpose"": false, ""is_intravenous_nutrition"": false, ""is_enzyme_preparation"": false, ""has_proteolytic_enzymes"": false, ""is_dairy_egg_honey"": true, ""is_2101_2105_product"": false, ""is_listed_in_0410"": false, ""is_listed_in_2106"": false, ""named_elsewhere_other"": false, ""is_meat"": false, ""processing_state"": ""other_prepared"", ""meat_share_pct"": 0}"
S36,Яйца в скорлупе,Пояснения к 0407,explanatory,04,0407,04,OK,"{""is_food_purpose"": true, ""is_edible"": true, ""is_animal_origin"": true, ""is_medical_purpose"": false, ""is_intravenous_nutrition"": false, ""is_enzyme_preparation"": false, ""has_proteolytic_enzymes"": false, ""is_dairy_egg_honey"": true, ""is_2101_2105_product"": false, ""is_listed_in_0410"": false, ""is_listed_in_2106"": false, ""named_elsewhere_other"": false, ""is_meat"": false, ""processing_state"": ""other_prepared"", ""meat_share_pct"": 0}"
S37,Натуральный мёд,Пояснения к 0409,explanatory,04,0409,04,OK,"{""is_food_purpose"": true, ""is_edible"": true, ""is_animal_origin"": true, ""is_medical_purpose"": false, ""is_intravenous_nutrition"": false, ""is_enzyme_preparation"": false, ""has_proteolytic_enzymes"": false, ""is_dairy_egg_honey"": true, ""is_2101_2105_product"": false, ""is_listed_in_0410"": false, ""is_listed_in_2106"": false, ""named_elsewhere_other"": false, ""is_meat"": false, ""processing_state"": ""other_prepared"", ""meat_share_pct"": 0}"
S38,Черепашьи яйца,Пояснения к 0410 (1),explanatory,04,0410,04,OK,"{""is_food_purpose"": true, ""is_edible"": true, ""is_animal_origin"": true, ""is_medical_purpose"": false, ""is_intravenous_nutrition"": false, ""is_enzyme_preparation"": false, ""has_proteolytic_enzymes"": false, ""is_dairy_egg_honey"": false, ""is_2101_2105_product"": false, ""is_listed_in_0410"": true, ""is_listed_in_2106"": false, ""named_elsewhere_other"": false, ""is_meat"": false, ""processing_state"": ""other_prepared"", ""meat_share_pct"": 0}"
S39,Съедобные гнёзда салангана,Пояснения к 0410 (2),explanatory,04,0410,04,OK,"{""is_food_purpose"": true, ""is_edible"": true, ""is_animal_origin"": true, ""is_medical_purpose"": false, ""is_intravenous_nutrition"": false, ""is_enzyme_preparation"": false, ""has_proteolytic_enzymes"": false, ""is_dairy_egg_honey"": false, ""is_2101_2105_product"": false, ""is_listed_in_0410"": true, ""is_listed_in_2106"": false, ""named_elsewhere_other"": false, ""is_meat"": false, ""processing_state"": ""other_prepared"", ""meat_share_pct"": 0}"
S40,Ферментный препарат для тендеризации мяса,"Пояснения к 2106, искл. (3507)",explanatory,вне 02/04/16/21/30,3507,-,OK,"{""is_food_purpose"": true, ""is_edible"": true, ""is_animal_origin"": false, ""is_medical_purpose"": false, ""is_intravenous_nutrition"": false, ""is_enzyme_preparation"": true, ""has_proteolytic_enzymes"": false, ""is_dairy_egg_honey"": false, ""is_2101_2105_product"": false, ""is_listed_in_0410"": false, ""is_listed_in_2106"": false, ""named_elsewhere_other"": false, ""is_meat"": false, ""processing_state"": ""other_prepared"", ""meat_share_pct"": 0}"
S41,"Продукт из сыворотки, более 95% лактозы",Прим. 4(а) к гр. 04 (1702),explanatory,вне 02/04/16/21/30,1702,-,OK,"{""is_food_purpose"": true, ""is_edible"": true, ""is_animal_origin"": true, ""is_medical_purpose"": false, ""is_intravenous_nutrition"": false, ""is_enzyme_preparation"": false, ""has_proteolytic_enzymes"": false, ""is_dairy_egg_honey"": false, ""is_2101_2105_product"": false, ""is_listed_in_0410"": false, ""is_listed_in_2106"": false, ""named_elsewhere_other"": true, ""is_meat"": false, ""processing_state"": ""other_prepared"", ""meat_share_pct"": 0}"
