parent,child
02011000,0201100001
02011000,0201100002
02011000,0201100003
02011000,0201100008
02012020,0201202001
02012020,0201202002
02012020,0201202003
02012020,0201202008
02012030,0201203001
02012030,0201203002
02012030,0201203003
02012030,0201203008
02012050,0201205001
02012050,0201205002
02012050,0201205003
02012050,0201205008
02012090,0201209001
02012090,0201209002
02012090,0201209003
02012090,0201209008
02013000,0201300004
02013000,0201300005
02013000,0201300006
02013000,0201300008
02021000,0202100001
02021000,0202100002
02021000,0202100003
02021000,0202100008
02022010,0202201001
02022010,0202201002
02022010,0202201003
02022010,0202201008
02022030,0202203001
02022030,0202203002
02022030,0202203003
02022030,0202203008
02022050,0202205001
02022050,0202205002
02022050,0202205003
02022050,0202205008
02022090,0202209001
02022090,0202209002
02022090,0202209003
02022090,0202209008
02023010,0202301004
02023010,0202301005
02023010,0202301006
02023010,0202301008
02023050,0202305004
02023050,0202305005
02023050,0202305006
02023050,0202305008
02023090,0202309004
02023090,0202309005
02023090,0202309006
02023090,0202309008
02031110,0203111001
02031110,0203111009
02031190,0203119001
02031190,0203119009
02031211,0203121101
02031211,0203121109
02031219,0203121901
02031219,0203121909
02031290,0203129001
02031290,0203129009
02031911,0203191101
02031911,0203191109
02031913,0203191301
02031913,0203191309
02031915,0203191501
02031915,0203191509
02031955,0203195501
02031955,0203195509
02031959,0203195901
02031959,0203195909
02031990,0203199001
02031990,0203199009
02032110,0203211001
02032110,0203211009
02032190,0203219001
02032190,0203219009
02032211,0203221101
02032211,0203221109
02032219,0203221901
02032219,0203221909
02032290,0203229001
02032290,0203229009
02032911,0203291101
02032911,0203291109
02032913,0203291301
02032913,0203291309
02032915,0203291501
02032915,0203291509
02032955,0203295501
02032955,0203295502
02032955,0203295503
02032955,0203295509
02032959,0203295901
02032959,0203295909
02032990,0203299001
02032990,0203299002
02032990,0203299003
02032990,0203299009
02041000,0204100000
02042100,0204210000
02042210,0204221000
02042230,0204223000
02042250,0204225000
02042290,0204229000
02042300,0204230000
02043000,0204300000
02044100,0204410000
02044210,0204421000
02044230,0204423000
02044250,0204425000
02044290,0204429000
02044310,0204431000
02044390,0204439000
02045011,0204501100
02045013,0204501300
02045015,0204501500
02045019,0204501900
02045031,0204503100
02045039,0204503900
02045051,0204505100
02045053,0204505300
02045055,0204505500
02045059,0204505900
02045071,0204507100
02045079,0204507900
02050020,0205002000
02050080,0205008000
02061010,0206101000
02061095,0206109500
02061098,0206109800
02062100,0206210000
02062200,0206220001
02062200,0206220009
02062910,0206291000
02062991,0206299100
02062999,0206299900
02063000,0206300001
02063000,0206300002
02063000,0206300003
02063000,0206300004
02064100,0206410001
02064100,0206410009
02064900,0206490001
02064900,0206490002
02064900,0206490008
02068010,0206801000
02068091,0206809100
02068099,0206809900
02069010,0206901000
02069091,0206909100
02069099,0206909900
02071110,0207111001
02071110,0207111009
02071130,0207113001
02071130,0207113009
02071190,0207119001
02071190,0207119009
02071210,0207121001
02071210,0207121009
02071290,0207129001
02071290,0207129009
02071310,0207131001
02071310,0207131009
02071320,0207132001
02071320,0207132009
02071330,0207133001
02071330,0207133009
02071340,0207134001
02071340,0207134009
02071350,0207135001
02071350,0207135009
02071360,0207136001
02071360,0207136009
02071370,0207137001
02071370,0207137009
02071391,0207139101
02071391,0207139109
02071399,0207139901
02071399,0207139909
02071410,0207141001
02071410,0207141009
02071420,0207142001
02071420,0207142009
02071430,0207143001
02071430,0207143009
02071440,0207144001
02071440,0207144009
02071450,0207145001
02071450,0207145009
02071460,0207146001
02071460,0207146009
02071470,0207147001
02071470,0207147009
02071491,0207149101
02071491,0207149109
02071499,0207149901
02071499,0207149909
02072410,0207241001
02072410,0207241009
02072490,0207249001
02072490,0207249009
02072510,0207251001
02072510,0207251009
02072590,0207259001
02072590,0207259009
02072610,0207261001
02072610,0207261009
02072620,0207262001
02072620,0207262009
02072630,0207263001
02072630,0207263009
02072640,0207264001
02072640,0207264009
02072650,0207265001
02072650,0207265009
02072660,0207266001
02072660,0207266009
02072670,0207267001
02072670,0207267009
02072680,0207268001
02072680,0207268009
02072691,0207269101
02072691,0207269109
02072699,0207269901
02072699,0207269909
02072710,0207271001
02072710,0207271009
02072720,0207272001
02072720,0207272009
02072730,0207273001
02072730,0207273009
02072740,0207274001
02072740,0207274009
02072750,0207275001
02072750,0207275009
02072760,0207276001
02072760,0207276009
02072770,0207277001
02072770,0207277009
02072780,0207278001
02072780,0207278009
02072791,0207279101
02072791,0207279109
02072799,0207279901
02072799,0207279909
02074120,0207412001
02074120,0207412009
02074130,0207413001
02074130,0207413009
02074180,0207418001
02074180,0207418009
02074230,0207423001
02074230,0207423009
02074280,0207428001
02074280,0207428009
02074300,0207430001
02074300,0207430009
02074410,0207441001
02074410,0207441009
02074421,0207442101
02074421,0207442109
02074431,0207443101
02074431,0207443109
02074441,0207444101
02074441,0207444109
02074451,0207445101
02074451,0207445109
02074461,0207446101
02074461,0207446109
02074471,0207447101
02074471,0207447109
02074481,0207448101
02074481,0207448109
02074491,0207449101
02074491,0207449109
02074499,0207449901
02074499,0207449909
02074510,0207451001
02074510,0207451009
02074521,0207452101
02074521,0207452109
02074531,0207453101
02074531,0207453109
02074541,0207454101
02074541,0207454109
02074551,0207455101
02074551,0207455109
02074561,0207456101
02074561,0207456109
02074571,0207457101
02074571,0207457109
02074581,0207458101
02074581,0207458109
02074593,0207459301
02074593,0207459309
02074595,0207459501
02074595,0207459509
02074599,0207459901
02074599,0207459909
02075110,0207511001
02075110,0207511009
02075190,0207519001
02075190,0207519009
02075210,0207521001
02075210,0207521009
02075290,0207529001
02075290,0207529009
02075300,0207530001
02075300,0207530009
02075410,0207541001
02075410,0207541009
02075421,0207542101
02075421,0207542109
02075431,0207543101
02075431,0207543109
02075441,0207544101
02075441,0207544109
02075451,0207545101
02075451,0207545109
02075461,0207546101
02075461,0207546109
02075471,0207547101
02075471,0207547109
02075481,0207548101
02075481,0207548109
02075491,0207549101
02075491,0207549109
02075499,0207549901
02075499,0207549909
02075510,0207551001
02075510,0207551009
02075521,0207552101
02075521,0207552109
02075531,0207553101
02075531,0207553109
02075541,0207554101
02075541,0207554109
02075551,0207555101
02075551,0207555109
02075561,0207556101
02075561,0207556109
02075571,0207557101
02075571,0207557109
02075581,0207558101
02075581,0207558109
02075593,0207559301
02075593,0207559309
02075595,0207559501
02075595,0207559509
02075599,0207559901
02075599,0207559909
02076005,0207600501
02076005,0207600509
02076010,0207601001
02076010,0207601009
02076021,0207602101
02076021,0207602109
02076031,0207603101
02076031,0207603109
02076041,0207604101
02076041,0207604109
02076051,0207605101
02076051,0207605109
02076061,0207606101
02076061,0207606109
02076081,0207608101
02076081,0207608109
02076091,0207609101
02076091,0207609109
02076099,0207609901
02076099,0207609909
02081010,0208101000
02081090,0208109000
02083000,0208300000
02084010,0208401000
02084020,0208402000
02084080,0208408000
02085000,0208500000
02086000,0208600000
02089010,0208901000
02089030,0208903000
02089060,0208906000
02089070,0208907000
02089098,0208909800
02091011,0209101100
02091019,0209101900
02091090,0209109000
02099000,0209900000
02101111,0210111100
02101119,0210111900
02101131,0210113100
02101139,0210113900
02101190,0210119000
02101211,0210121100
02101219,0210121900
02101290,0210129000
02101910,0210191000
02101920,0210192000
02101930,0210193000
02101940,0210194000
02101950,0210195000
02101960,0210196000
02101970,0210197000
02101981,0210198100
02101989,0210198900
02101990,0210199000
02102010,0210201000
02102090,0210209000
02109100,0210910000
02109210,0210921000
02109291,0210929100
02109292,0210929200
02109299,0210929900
02109300,0210930000
02109910,0210991000
02109921,0210992100
02109929,0210992900
02109931,0210993100
02109939,0210993900
02109941,0210994100
02109949,0210994900
02109951,0210995100
02109959,0210995900
02109971,0210997100
02109979,0210997900
02109985,0210998500
02109990,0210999000
04011010,0401101000
04011090,0401109000
04012011,0401201101
04012011,0401201109
04012019,0401201900
04012091,0401209101
04012091,0401209109
04012099,0401209900
04014010,0401401000
04014090,0401409000
04015011,0401501100
04015019,0401501900
04015031,0401503100
04015039,0401503900
04015091,0401509100
04015099,0401509900
04021011,0402101100
04021019,0402101900
04021091,0402109100
04021099,0402109900
04022111,0402211100
04022118,0402211800
04022191,0402219100
04022199,0402219900
04022911,0402291100
04022915,0402291500
04022919,0402291900
04022991,0402299100
04022999,0402299900
04029110,0402911000
04029130,0402913000
04029151,0402915100
04029159,0402915900
04029191,0402919100
04029199,0402919900
04029910,0402991000
04029931,0402993100
04029939,0402993900
04029991,0402999100
04029999,0402999900
04032011,0403201100
04032013,0403201300
04032019,0403201900
04032031,0403203100
04032033,0403203300
04032039,0403203900
04032051,0403205100
04032053,0403205300
04032059,0403205900
04032071,0403207100
04032073,0403207300
04032079,0403207900
04032090,0403209001
04032090,0403209009
04039011,0403901100
04039013,0403901300
04039019,0403901900
04039031,0403903100
04039033,0403903300
04039039,0403903900
04039051,0403905101
04039051,0403905102
04039051,0403905109
04039053,0403905301
04039053,0403905302
04039053,0403905309
04039059,0403905900
04039061,0403906100
04039063,0403906300
04039069,0403906900
04039071,0403907100
04039073,0403907300
04039079,0403907900
04039091,0403909100
04039093,0403909300
04039099,0403909900
04041002,0404100200
04041004,0404100400
04041006,0404100600
04041012,0404101201
04041012,0404101209
04041014,0404101400
04041016,0404101601
04041016,0404101609
04041026,0404102600
04041028,0404102800
04041032,0404103200
04041034,0404103400
04041036,0404103600
04041038,0404103800
04041048,0404104800
04041052,0404105200
04041054,0404105400
04041056,0404105600
04041058,0404105800
04041062,0404106200
04041072,0404107200
04041074,0404107400
04041076,0404107600
04041078,0404107800
04041082,0404108200
04041084,0404108400
04049021,0404902100
04049023,0404902300
04049029,0404902900
04049081,0404908100
04049083,0404908300
04049089,0404908900
04051011,0405101100
04051019,0405101900
04051030,0405103000
04051050,0405105000
04051090,0405109000
04052010,0405201000
04052030,0405203000
04052090,0405209000
04059010,0405901000
04059090,0405909000
04061030,0406103000
04061050,0406105001
04061050,0406105002
04061050,0406105009
04061080,0406108000
04062000,0406200000
04063010,0406301000
04063031,0406303100
04063039,0406303900
04063090,0406309000
04064010,0406401000
04064050,0406405000
04064090,0406409000
04069001,0406900100
04069013,0406901300
04069015,0406901500
04069017,0406901700
04069018,0406901800
04069021,0406902100
04069023,0406902300
04069025,0406902500
04069029,0406902900
04069032,0406903201
04069032,0406903209
04069035,0406903500
04069037,0406903700
04069039,0406903900
04069050,0406905000
04069061,0406906100
04069063,0406906300
04069069,0406906900
04069073,0406907300
04069074,0406907400
04069075,0406907500
04069076,0406907600
04069078,0406907800
04069079,0406907900
04069081,0406908100
04069082,0406908200
04069084,0406908400
04069085,0406908500
04069086,0406908600
04069089,0406908900
04069092,0406909200
04069093,0406909300
04069099,0406909901
04069099,0406909909
04071100,0407110000
04071911,0407191100
04071919,0407191900
04071990,0407199000
04072100,0407210000
04072910,0407291000
04072990,0407299000
04079010,0407901000
04079090,0407909000
04081120,0408112000
04081180,0408118000
04081920,0408192000
04081981,0408198100
04081989,0408198900
04089120,0408912000
04089180,0408918000
04089920,0408992000
04089980,0408998000
04090000,0409000000
04101000,0410100000
04109000,0410900000
16010010,1601001000
16010091,1601009101
16010091,1601009109
16010099,1601009901
16010099,1601009909
16021000,1602100010
16021000,1602100091
16021000,1602100099
16022010,1602201000
16022090,1602209000
16023111,1602311100
16023119,1602311900
16023180,1602318000
16023211,1602321100
16023219,1602321900
16023230,1602323000
16023290,1602329000
16023921,1602392100
16023929,1602392900
16023985,1602398500
16024110,1602411000
16024190,1602419000
16024210,1602421000
16024290,1602429000
16024911,1602491100
16024913,1602491300
16024915,1602491500
16024919,1602491900
16024930,1602493000
16024950,1602495000
16024990,1602499000
16025010,1602501000
16025031,1602503101
16025031,1602503109
16025095,1602509501
16025095,1602509509
16029010,1602901000
16029031,1602903100
16029051,1602905100
16029061,1602906100
16029069,1602906900
16029091,1602909100
16029095,1602909500
16029099,1602909901
16029099,1602909909
16030010,1603001000
16030080,1603008000
16041100,1604110000
16041210,1604121000
16041291,1604129100
16041299,1604129900
16041311,1604131100
16041319,1604131900
16041390,1604139000
16041421,1604142100
16041426,1604142600
16041428,1604142800
16041431,1604143100
16041436,1604143600
16041438,1604143800
16041441,1604144100
16041446,1604144600
16041448,1604144800
16041490,1604149000
16041511,1604151100
16041519,1604151900
16041590,1604159000
16041600,1604160000
16041700,1604170000
16041800,1604180000
16041910,1604191000
16041931,1604193100
16041939,1604193900
16041950,1604195000
16041991,1604199100
16041992,1604199200
16041993,1604199300
16041994,1604199400
16041995,1604199500
16041997,1604199710
16041997,1604199780
16042005,1604200500
16042010,1604201000
16042030,1604203000
16042040,1604204000
16042050,1604205000
16042070,1604207000
16042090,1604209010
16042090,1604209090
16043100,1604310000
16043200,1604320010
16043200,1604320090
16051000,1605100000
16052110,1605211000
16052190,1605219000
16052900,1605290000
16053010,1605301000
16053090,1605309000
16054000,1605400001
16054000,1605400009
16055100,1605510000
16055200,1605520000
16055310,1605531000
16055390,1605539000
16055400,1605540000
16055500,1605550000
16055600,1605560000
16055700,1605570000
16055800,1605580000
16055900,1605590000
16056100,1605610000
16056200,1605620000
16056300,1605630000
16056900,1605690000
21011100,2101110011
21011100,2101110012
21011100,2101110013
21011100,2101110014
21011100,2101110015
21011100,2101110016
21011100,2101110017
21011100,2101110018
21011100,2101110092
21011100,2101110093
21011100,2101110097
21011100,2101110098
21011292,2101129201
21011292,2101129209
21011298,2101129801
21011298,2101129809
21012020,2101202000
21012092,2101209200
21012098,2101209800
21013011,2101301100
21013019,2101301900
21013091,2101309100
21013099,2101309900
21021010,2102101000
21021031,2102103100
21021039,2102103900
21021090,2102109000
21022011,2102201100
21022019,2102201900
21022090,2102209000
21023000,2102300000
21031000,2103100000
21032000,2103200000
21033010,2103301000
21033090,2103309000
21039010,2103901000
21039030,2103903000
21039090,2103909001
21039090,2103909009
21041000,2104100000
21042000,2104200010
21042000,2104200090
21050010,2105001000
21050091,2105009100
21050099,2105009900
21061020,2106102000
21061080,2106108000
21069020,2106902000
21069040,2106904000
21069052,2106905200
21069054,2106905400
21069058,2106905800
21069093,2106909300
21069098,2106909801
21069098,2106909802
21069098,2106909803
21069098,2106909804
21069098,2106909805
30012010,3001201000
30012090,3001209000
30019020,3001902000
30019091,3001909100
30019098,3001909800
30021200,3002120001
30021200,3002120002
30021200,3002120003
30021200,3002120004
30021200,3002120005
30021200,3002120009
30021300,3002130000
30021400,3002140000
30021500,3002150000
30024100,3002410000
30024200,3002420000
30024900,3002490001
30024900,3002490009
30025100,3002510000
30025900,3002590000
30029010,3002901000
30029030,3002903000
30031000,3003100000
30032000,3003200000
30033100,3003310000
30033900,3003390000
30034100,3003410000
30034200,3003420000
30034300,3003430000
30034900,3003490000
30036000,3003600000
30039000,3003900000
30041000,3004100001
30041000,3004100004
30041000,3004100005
30041000,3004100006
30041000,3004100007
30041000,3004100008
30042000,3004200001
30042000,3004200002
30042000,3004200004
30042000,3004200008
30043100,3004310000
30043200,3004320001
30043200,3004320008
30043900,3004390001
30043900,3004390008
30044100,3004410000
30044200,3004420000
30044300,3004430000
30044900,3004490001
30044900,3004490008
30045000,3004500001
30045000,3004500002
30045000,3004500005
30045000,3004500006
30045000,3004500009
30046000,3004600000
30049000,3004900001
30049000,3004900002
30049000,3004900005
30049000,3004900006
30049000,3004900008
30051000,3005100000
30059010,3005901000
30059031,3005903100
30059050,3005905000
30059099,3005909900
30061010,3006101000
30061030,3006103001
30061030,3006103009
30061090,3006109000
30063000,3006300000
30064000,3006400000
30065000,3006500000
30066000,3006600001
30066000,3006600002
30066000,3006600009
30067000,3006700000
30069100,3006910000
30069200,3006920000
30069300,3006930000
020110,02011000
020120,02012020
020120,02012030
020120,02012050
020120,02012090
020130,02013000
020210,02021000
020220,02022010
020220,02022030
020220,02022050
020220,02022090
020230,02023010
020230,02023050
020230,02023090
020311,02031110
020311,02031190
020312,02031211
020312,02031219
020312,02031290
020319,02031911
020319,02031913
020319,02031915
020319,02031955
020319,02031959
020319,02031990
020321,02032110
020321,02032190
020322,02032211
020322,02032219
020322,02032290
020329,02032911
020329,02032913
020329,02032915
020329,02032955
020329,02032959
020329,02032990
020410,02041000
020421,02042100
020422,02042210
020422,02042230
020422,02042250
020422,02042290
020423,02042300
020430,02043000
020441,02044100
020442,02044210
020442,02044230
020442,02044250
020442,02044290
020443,02044310
020443,02044390
020450,02045011
020450,02045013
020450,02045015
020450,02045019
020450,02045031
020450,02045039
020450,02045051
020450,02045053
020450,02045055
020450,02045059
020450,02045071
020450,02045079
020500,02050020
020500,02050080
020610,02061010
020610,02061095
020610,02061098
020621,02062100
020622,02062200
020629,02062910
020629,02062991
020629,02062999
020630,02063000
020641,02064100
020649,02064900
020680,02068010
020680,02068091
020680,02068099
020690,02069010
020690,02069091
020690,02069099
020711,02071110
020711,02071130
020711,02071190
020712,02071210
020712,02071290
020713,02071310
020713,02071320
020713,02071330
020713,02071340
020713,02071350
020713,02071360
020713,02071370
020713,02071391
020713,02071399
020714,02071410
020714,02071420
020714,02071430
020714,02071440
020714,02071450
020714,02071460
020714,02071470
020714,02071491
020714,02071499
020724,02072410
020724,02072490
020725,02072510
020725,02072590
020726,02072610
020726,02072620
020726,02072630
020726,02072640
020726,02072650
020726,02072660
020726,02072670
020726,02072680
020726,02072691
020726,02072699
020727,02072710
020727,02072720
020727,02072730
020727,02072740
020727,02072750
020727,02072760
020727,02072770
020727,02072780
020727,02072791
020727,02072799
020741,02074120
020741,02074130
020741,02074180
020742,02074230
020742,02074280
020743,02074300
020744,02074410
020744,02074421
020744,02074431
020744,02074441
020744,02074451
020744,02074461
020744,02074471
020744,02074481
020744,02074491
020744,02074499
020745,02074510
020745,02074521
020745,02074531
020745,02074541
020745,02074551
020745,02074561
020745,02074571
020745,02074581
020745,02074593
020745,02074595
020745,02074599
020751,02075110
020751,02075190
020752,02075210
020752,02075290
020753,02075300
020754,02075410
020754,02075421
020754,02075431
020754,02075441
020754,02075451
020754,02075461
020754,02075471
020754,02075481
020754,02075491
020754,02075499
020755,02075510
020755,02075521
020755,02075531
020755,02075541
020755,02075551
020755,02075561
020755,02075571
020755,02075581
020755,02075593
020755,02075595
020755,02075599
020760,02076005
020760,02076010
020760,02076021
020760,02076031
020760,02076041
020760,02076051
020760,02076061
020760,02076081
020760,02076091
020760,02076099
020810,02081010
020810,02081090
020830,02083000
020840,02084010
020840,02084020
020840,02084080
020850,02085000
020860,02086000
020890,02089010
020890,02089030
020890,02089060
020890,02089070
020890,02089098
020910,02091011
020910,02091019
020910,02091090
020990,02099000
021011,02101111
021011,02101119
021011,02101131
021011,02101139
021011,02101190
021012,02101211
021012,02101219
021012,02101290
021019,02101910
021019,02101920
021019,02101930
021019,02101940
021019,02101950
021019,02101960
021019,02101970
021019,02101981
021019,02101989
021019,02101990
021020,02102010
021020,02102090
021091,02109100
021092,02109210
021092,02109291
021092,02109292
021092,02109299
021093,02109300
021099,02109910
021099,02109921
021099,02109929
021099,02109931
021099,02109939
021099,02109941
021099,02109949
021099,02109951
021099,02109959
021099,02109971
021099,02109979
021099,02109985
021099,02109990
040110,04011010
040110,04011090
040120,04012011
040120,04012019
040120,04012091
040120,04012099
040140,04014010
040140,04014090
040150,04015011
040150,04015019
040150,04015031
040150,04015039
040150,04015091
040150,04015099
040210,04021011
040210,04021019
040210,04021091
040210,04021099
040221,04022111
040221,04022118
040221,04022191
040221,04022199
040229,04022911
040229,04022915
040229,04022919
040229,04022991
040229,04022999
040291,04029110
040291,04029130
040291,04029151
040291,04029159
040291,04029191
040291,04029199
040299,04029910
040299,04029931
040299,04029939
040299,04029991
040299,04029999
040320,04032011
040320,04032013
040320,04032019
040320,04032031
040320,04032033
040320,04032039
040320,04032051
040320,04032053
040320,04032059
040320,04032071
040320,04032073
040320,04032079
040320,04032090
040390,04039011
040390,04039013
040390,04039019
040390,04039031
040390,04039033
040390,04039039
040390,04039051
040390,04039053
040390,04039059
040390,04039061
040390,04039063
040390,04039069
040390,04039071
040390,04039073
040390,04039079
040390,04039091
040390,04039093
040390,04039099
040410,04041002
040410,04041004
040410,04041006
040410,04041012
040410,04041014
040410,04041016
040410,04041026
040410,04041028
040410,04041032
040410,04041034
040410,04041036
040410,04041038
040410,04041048
040410,04041052
040410,04041054
040410,04041056
040410,04041058
040410,04041062
040410,04041072
040410,04041074
040410,04041076
040410,04041078
040410,04041082
040410,04041084
040490,04049021
040490,04049023
040490,04049029
040490,04049081
040490,04049083
040490,04049089
040510,04051011
040510,04051019
040510,04051030
040510,04051050
040510,04051090
040520,04052010
040520,04052030
040520,04052090
040590,04059010
040590,04059090
040610,04061030
040610,04061050
040610,04061080
040620,04062000
040630,04063010
040630,04063031
040630,04063039
040630,04063090
040640,04064010
040640,04064050
040640,04064090
040690,04069001
040690,04069013
040690,04069015
040690,04069017
040690,04069018
040690,04069021
040690,04069023
040690,04069025
040690,04069029
040690,04069032
040690,04069035
040690,04069037
040690,04069039
040690,04069050
040690,04069061
040690,04069063
040690,04069069
040690,04069073
040690,04069074
040690,04069075
040690,04069076
040690,04069078
040690,04069079
040690,04069081
040690,04069082
040690,04069084
040690,04069085
040690,04069086
040690,04069089
040690,04069092
040690,04069093
040690,04069099
040711,04071100
040719,04071911
040719,04071919
040719,04071990
040721,04072100
040729,04072910
040729,04072990
040790,04079010
040790,04079090
040811,04081120
040811,04081180
040819,04081920
040819,04081981
040819,04081989
040891,04089120
040891,04089180
040899,04089920
040899,04089980
040900,04090000
041010,04101000
041090,04109000
160100,16010010
160100,16010091
160100,16010099
160210,16021000
160220,16022010
160220,16022090
160231,16023111
160231,16023119
160231,16023180
160232,16023211
160232,16023219
160232,16023230
160232,16023290
160239,16023921
160239,16023929
160239,16023985
160241,16024110
160241,16024190
160242,16024210
160242,16024290
160249,16024911
160249,16024913
160249,16024915
160249,16024919
160249,16024930
160249,16024950
160249,16024990
160250,16025010
160250,16025031
160250,16025095
160290,16029010
160290,16029031
160290,16029051
160290,16029061
160290,16029069
160290,16029091
160290,16029095
160290,16029099
160300,16030010
160300,16030080
160411,16041100
160412,16041210
160412,16041291
160412,16041299
160413,16041311
160413,16041319
160413,16041390
160414,16041421
160414,16041426
160414,16041428
160414,16041431
160414,16041436
160414,16041438
160414,16041441
160414,16041446
160414,16041448
160414,16041490
160415,16041511
160415,16041519
160415,16041590
160416,16041600
160417,16041700
160418,16041800
160419,16041910
160419,16041931
160419,16041939
160419,16041950
160419,16041991
160419,16041992
160419,16041993
160419,16041994
160419,16041995
160419,16041997
160420,16042005
160420,16042010
160420,16042030
160420,16042040
160420,16042050
160420,16042070
160420,16042090
160431,16043100
160432,16043200
160510,16051000
160521,16052110
160521,16052190
160529,16052900
160530,16053010
160530,16053090
160540,16054000
160551,16055100
160552,16055200
160553,16055310
160553,16055390
160554,16055400
160555,16055500
160556,16055600
160557,16055700
160558,16055800
160559,16055900
160561,16056100
160562,16056200
160563,16056300
160569,16056900
210111,21011100
210112,21011292
210112,21011298
210120,21012020
210120,21012092
210120,21012098
210130,21013011
210130,21013019
210130,21013091
210130,21013099
210210,21021010
210210,21021031
210210,21021039
210210,21021090
210220,21022011
210220,21022019
210220,21022090
210230,21023000
210310,21031000
210320,21032000
210330,21033010
210330,21033090
210390,21039010
210390,21039030
210390,21039090
210410,21041000
210420,21042000
210500,21050010
210500,21050091
210500,21050099
210610,21061020
210610,21061080
210690,21069020
210690,21069040
210690,21069052
210690,21069054
210690,21069058
210690,21069093
210690,21069098
300120,30012010
300120,30012090
300190,30019020
300190,30019091
300190,30019098
300212,30021200
300213,30021300
300214,30021400
300215,30021500
300241,30024100
300242,30024200
300249,30024900
300251,30025100
300259,30025900
300290,30029010
300290,30029030
300310,30031000
300320,30032000
300331,30033100
300339,30033900
300341,30034100
300342,30034200
300343,30034300
300349,30034900
300360,30036000
300390,30039000
300410,30041000
300420,30042000
300431,30043100
300432,30043200
300439,30043900
300441,30044100
300442,30044200
300443,30044300
300449,30044900
300450,30045000
300460,30046000
300490,30049000
300510,30051000
300590,30059010
300590,30059031
300590,30059050
300590,30059099
300610,30061010
300610,30061030
300610,30061090
300630,30063000
300640,30064000
300650,30065000
300660,30066000
300670,30067000
300691,30069100
300692,30069200
300693,30069300
0201,020110
0201,020120
0201,020130
0202,020210
0202,020220
0202,020230
0203,020311
0203,020312
0203,020319
0203,020321
0203,020322
0203,020329
0204,020410
0204,020421
0204,020422
0204,020423
0204,020430
0204,020441
0204,020442
0204,020443
0204,020450
0205,020500
0206,020610
0206,020621
0206,020622
0206,020629
0206,020630
0206,020641
0206,020649
0206,020680
0206,020690
0207,020711
0207,020712
0207,020713
0207,020714
0207,020724
0207,020725
0207,020726
0207,020727
0207,020741
0207,020742
0207,020743
0207,020744
0207,020745
0207,020751
0207,020752
0207,020753
0207,020754
0207,020755
0207,020760
0208,020810
0208,020830
0208,020840
0208,020850
0208,020860
0208,020890
0209,020910
0209,020990
0210,021011
0210,021012
0210,021019
0210,021020
0210,021091
0210,021092
0210,021093
0210,021099
0401,040110
0401,040120
0401,040140
0401,040150
0402,040210
0402,040221
0402,040229
0402,040291
0402,040299
0403,040320
0403,040390
0404,040410
0404,040490
0405,040510
0405,040520
0405,040590
0406,040610
0406,040620
0406,040630
0406,040640
0406,040690
0407,040711
0407,040719
0407,040721
0407,040729
0407,040790
0408,040811
0408,040819
0408,040891
0408,040899
0409,040900
0410,041010
0410,041090
1601,160100
1602,160210
1602,160220
1602,160231
1602,160232
1602,160239
1602,160241
1602,160242
1602,160249
1602,160250
1602,160290
1603,160300
1604,160411
1604,160412
1604,160413
1604,160414
1604,160415
1604,160416
1604,160417
1604,160418
1604,160419
1604,160420
1604,160431
1604,160432
1605,160510
1605,160521
1605,160529
1605,160530
1605,160540
1605,160551
1605,160552
1605,160553
1605,160554
1605,160555
1605,160556
1605,160557
1605,160558
1605,160559
1605,160561
1605,160562
1605,160563
1605,160569
2101,210111
2101,210112
2101,210120
2101,210130
2102,210210
2102,210220
2102,210230
2103,210310
2103,210320
2103,210330
2103,210390
2104,210410
2104,210420
2105,210500
2106,210610
2106,210690
3001,300120
3001,300190
3002,300212
3002,300213
3002,300214
3002,300215
3002,300241
3002,300242
3002,300249
3002,300251
3002,300259
3002,300290
3003,300310
3003,300320
3003,300331
3003,300339
3003,300341
3003,300342
3003,300343
3003,300349
3003,300360
3003,300390
3004,300410
3004,300420
3004,300431
3004,300432
3004,300439
3004,300441
3004,300442
3004,300443
3004,300449
3004,300450
3004,300460
3004,300490
3005,300510
3005,300590
3006,300610
3006,300630
3006,300640
3006,300650
3006,300660
3006,300670
3006,300691
3006,300692
3006,300693
02,0201
02,0202
02,0203
02,0204
02,0205
02,0206
02,0207
02,0208
02,0209
02,0210
04,0401
04,0402
04,0403
04,0404
04,0405
04,0406
04,0407
04,0408
04,0409
04,0410
16,1601
16,1602
16,1603
16,1604
16,1605
21,2101
21,2102
21,2103
21,2104
21,2105
21,2106
30,3001
30,3002
30,3003
30,3004
30,3005
30,3006
S01,02
S01,04
S04,16
S04,21
S06,30
